"ID","OWNERID","ISDELETED","NAME","CREATEDDATE","CREATEDBYID","LASTMODIFIEDDATE","LASTMODIFIEDBYID","SYSTEMMODSTAMP","LASTACTIVITYDATE","LASTVIEWEDDATE","LASTREFERENCEDDATE","DATE_OF_PURCHASE__C","QUANTITY__C"
"a0337000000lk6aAAA","00537000000E0b4AAC","false","P-00001","2015-07-02T17:51:21.000Z","00537000000E0b4AAC","2015-07-02T17:51:21.000Z","00537000000E0b4AAC","2015-07-02T17:51:21.000Z","","2015-07-02T17:51:22.000Z","2015-07-02T17:51:36.000Z","2015-07-02T17:50:00.000Z","2.0"
"a0337000000lk7dAAA","00537000000E0b4AAC","false","P-00014","2015-07-02T17:55:21.000Z","00537000000E0b4AAC","2015-07-02T17:55:21.000Z","00537000000E0b4AAC","2015-07-02T17:55:21.000Z","","2015-07-02T17:55:21.000Z","2015-07-02T17:55:21.000Z","2015-06-28T17:55:00.000Z","12.0"
"a0337000000lk6fAAA","00537000000E0b4AAC","false","P-00002","2015-07-02T17:53:40.000Z","00537000000E0b4AAC","2015-07-02T17:53:40.000Z","00537000000E0b4AAC","2015-07-02T17:53:40.000Z","","2015-07-02T17:53:40.000Z","2015-07-02T17:55:39.000Z","2015-06-29T17:53:00.000Z","11.0"
"a0337000000lk7OAAQ","00537000000E0b4AAC","false","P-00011","2015-07-02T17:55:00.000Z","00537000000E0b4AAC","2015-07-02T17:55:00.000Z","00537000000E0b4AAC","2015-07-02T17:55:00.000Z","","2015-07-02T17:55:00.000Z","2015-07-02T17:55:50.000Z","2015-07-01T17:54:00.000Z","45.0"
"a0337000000lk79AAA","00537000000E0b4AAC","false","P-00008","2015-07-02T17:54:46.000Z","00537000000E0b4AAC","2015-07-02T17:54:46.000Z","00537000000E0b4AAC","2015-07-02T17:54:46.000Z","","2015-07-02T17:54:46.000Z","2015-07-02T17:56:01.000Z","2015-06-28T17:54:00.000Z","12.0"
"a0337000000lk6zAAA","00537000000E0b4AAC","false","P-00006","2015-07-02T17:54:22.000Z","00537000000E0b4AAC","2015-07-02T17:54:22.000Z","00537000000E0b4AAC","2015-07-02T17:54:22.000Z","","2015-07-02T17:54:22.000Z","2015-07-02T17:56:57.000Z","2015-07-04T17:54:00.000Z","9.0"
"a0337000000lk7JAAQ","00537000000E0b4AAC","false","P-00010","2015-07-02T17:54:55.000Z","00537000000E0b4AAC","2015-07-02T17:54:55.000Z","00537000000E0b4AAC","2015-07-02T17:54:55.000Z","","2015-07-02T17:54:55.000Z","2015-07-02T17:57:09.000Z","2015-06-30T17:54:00.000Z","34.0"
"a0337000000lk7YAAQ","00537000000E0b4AAC","false","P-00013","2015-07-02T17:55:10.000Z","00537000000E0b4AAC","2015-07-02T17:55:10.000Z","00537000000E0b4AAC","2015-07-02T17:55:10.000Z","","2015-07-02T17:55:10.000Z","2015-07-02T17:57:24.000Z","2015-07-03T17:55:00.000Z","56.0"
"a0337000000lk6kAAA","00537000000E0b4AAC","false","P-00003","2015-07-02T17:53:51.000Z","00537000000E0b4AAC","2015-07-02T17:53:51.000Z","00537000000E0b4AAC","2015-07-02T17:53:51.000Z","","2015-07-02T17:53:51.000Z","2015-07-02T17:57:44.000Z","2015-06-28T17:53:00.000Z","45.0"
"a0337000000lk6pAAA","00537000000E0b4AAC","false","P-00004","2015-07-02T17:54:02.000Z","00537000000E0b4AAC","2015-07-02T17:54:02.000Z","00537000000E0b4AAC","2015-07-02T17:54:02.000Z","","2015-07-02T17:54:02.000Z","2015-07-02T17:58:13.000Z","2015-06-27T17:53:00.000Z","23.0"
"a0337000000lk6uAAA","00537000000E0b4AAC","false","P-00005","2015-07-02T17:54:10.000Z","00537000000E0b4AAC","2015-07-02T17:54:10.000Z","00537000000E0b4AAC","2015-07-02T17:54:10.000Z","","2015-07-02T17:54:10.000Z","2015-07-02T17:58:25.000Z","2015-06-06T17:54:00.000Z","7.0"
"a0337000000lk74AAA","00537000000E0b4AAC","false","P-00007","2015-07-02T17:54:39.000Z","00537000000E0b4AAC","2015-07-02T17:54:39.000Z","00537000000E0b4AAC","2015-07-02T17:54:39.000Z","","2015-07-02T17:54:39.000Z","2015-07-02T17:58:37.000Z","2015-06-30T17:54:00.000Z","7.0"
"a0337000000lk7TAAQ","00537000000E0b4AAC","false","P-00012","2015-07-02T17:55:05.000Z","00537000000E0b4AAC","2015-07-02T17:55:05.000Z","00537000000E0b4AAC","2015-07-02T17:55:05.000Z","","2015-07-06T14:19:58.000Z","2015-07-06T14:19:58.000Z","2015-07-03T17:55:00.000Z","56.0"
"a0337000000lk7EAAQ","00537000000E0b4AAC","false","P-00009","2015-07-02T17:54:51.000Z","00537000000E0b4AAC","2015-07-02T17:54:51.000Z","00537000000E0b4AAC","2015-07-02T17:54:51.000Z","","2015-07-06T14:20:30.000Z","2015-07-06T14:20:30.000Z","2015-06-29T17:54:00.000Z","23.0"
